model_name,accuracy,precision,recall,f1,auc
Logistic Regression,0.7445887445887446,0.671875,0.5308641975308642,0.593103448275862,0.8362962962962962
Random Forest,0.7489177489177489,0.6716417910447762,0.5555555555555556,0.6081081081081081,0.8174897119341564
Gradient Boosting,0.7445887445887446,0.671875,0.5308641975308642,0.593103448275862,0.8334979423868314
Support Vector Machine,0.7445887445887446,0.6833333333333333,0.5061728395061729,0.5815602836879432,0.817530864197531
K-Nearest Neighbors,0.7445887445887446,0.6527777777777778,0.5802469135802469,0.6143790849673203,0.8034156378600823
Neural Network,0.7272727272727273,0.6216216216216216,0.5679012345679012,0.5935483870967742,0.7849382716049382
